Benny,7 Wonders,2
Benny,alta tensione,2
Benny,Bang,4
Benny,Carcassonne,5
Benny,Citadels,3
Benny,Flash Point,1
Benny,Forbidden Island,2
Benny,High Society,1
Benny,Innovation,3
Benny,K2,1
Benny,Manhattan Project,2
Benny,Memoir '44,1
Benny,Pandemia,3
Benny,Pandemia Esp.,3
Benny,Shadows Over Camelot,1
Benny,Sheriff of nottingham,2
Benny,Small World,1
Benny,Tobago,1
Benny,Star Realms,1
Bifur\Michele,alambra,1
Bifur\Michele,blokus,1
Bifur\Michele,Carcassonne,5
Bifur\Michele,coloretto,2
Bifur\Michele,dominion,1
Bifur\Michele,genial,3
Bifur\Michele,maiali al galoppo,1
Bifur\Michele,perudo,2
Bifur\Michele,perudo,2
Bifur\Michele,resistence,1
Bifur\Michele,smash up,1
Bifur\Michele,stone age,1
Bifur\Michele,suburbia,3
D&M,Aaarchitect,1
D&M,Abyss,2
D&M,Camel Cup,1
D&M,Citrus,1
D&M,Coal Baron,1
D&M,Dobble,1
D&M,Fantascatti,1
D&M,Fantascatti 2,1
D&M,Finca,3
D&M,Golden Horn,1
D&M,Karnickel,1
D&M,Love letter,2
D&M,Machi Koro,2
D&M,Nosferatu,1
D&M,River Dragons,1
D&M,Rock&balls,1
D&M,Sblap,1
D&M,Takenoko,2
D&M,Taluva,1
D&M,Tokaido,1
D&M,Veeello beeello,1
D&M,Vudu,1
Edoardo,citadels,3
Edoardo,genial,3
Edoardo,Mr. jack,1
Edoardo,qwirkle,2
Este,504',1
Este,Alchemists,1
Este,Bora Bora,2
Este,Castle of mad ludwin,2
Este,Cosmic Encounter,1
Este,Five Tribes,3
Este,Fleet,1
Este,Ginkgopolis,1
Este,Imperial Settlers,1
Este,Innovation,3
Este,King of New York,1
Este,Last Will,1
Este,Legacy: the testament...,1
Este,Love letter,2
Este,Manhattan Project,2
Este,Mi Tierra,1
Este,Patchwork,1
Este,Red7,1
Este,Royals,1
Este,Spyfall,3
Este,Tides of Time,1
Este,Xanadu,1
Final,alta tensione,2
Final,bruges,1
Final,Evo,1
Final,Kingsburg,2
Final,machi koro,2
Final,pandemia,3
Final,Pandemia Esp.,3
Final,puerto rico,1
Final,suburbia,3
Grugno,Caylus,1
Grugno,Citadels,3
Grugno,Coloni di catan,1
Grugno,Favor of the Pharaoh,1
Grugno,five tribes,3
Grugno,Glass Road,1
Grugno,Goa,1
Grugno,Guildhall,1
Grugno,Inhabit the Earth,1
Grugno,keyflower,1
Grugno,Orléans,1
Grugno,Quarriors!,1
Grugno,room 25,2
Grugno,seasons,2
Grugno,spyfall,3
Grugno,suburbia,3
Grugno,The Castles of Burgundy,2
Grugno,The Golden Ages,1
Grugno,ubongo,1
Jago,7 Wonders,2
Jago,Bang,4
Jago,Carcassonne,5
Jago,Cartagena,3
Jago,Dixit,2
Jago,Forbidden Island,2
Jago,Havana,1
Jago,Krosmaster Arena,1
Jago,room 25,2
Jago,seasons,2
Jago,spyfall,3
Jago,Treasure Hunter,1
Jago,Zung um Zung,1
Luciano,7 Wonders: duel,1
Luciano,Agricola:  All Creatures Big and Small,1
Luciano,Airlines Europe,1
Luciano,Augustus,1
Luciano,Bohnanza,1
Luciano,Bora Bora,2
Luciano,Dead Man's Draw,1
Luciano,Dice City,1
Luciano,Dice Town,1
Luciano,Discoveries,1
Luciano,Dixit,2
Luciano,Euphoria: Build a Better Dystopia,1
Luciano,Five Tribes,3
Luciano,Glen More,1
Luciano,Jaipur,1
Luciano,Kingdom Builder,1
Luciano,Oh My Goods!,1
Luciano,Otto minuti per un impero,2
Luciano,Port Royal,1
Luciano,Progress: Evolution of Technology,1
Luciano,Qwixx Deluxe,1
Luciano,Roll for the Galaxy,1
Luciano,Samara,1
Luciano,San Juan,1
Luciano,Scoville,1
Luciano,Spike,1
Luciano,Steampunk Rally,1
Luciano,Sushi Go!,1
Luciano,Sushizock,1
Luciano,The Castles of Burgundy,2
Luciano,Tiny Epic Kingdoms,1
Luciano,Viceroy,1
Luciano,Village,1
MammaLaura,Bamboleo,1
MammaLaura,Can't stop,1
MammaLaura,Cartagena,3
MammaLaura,Coloretto,2
MammaLaura,Coloretto amazonas,1
MammaLaura,Eketorp,1
MammaLaura,Finca,3
MammaLaura,Grand Austria Hotel ,1
MammaLaura,Hanabi,1
MammaLaura,Hansa,1
MammaLaura,Il labirinto magico,2
MammaLaura,Il pirata nero,1
MammaLaura,Il poker degli scarafaggi,1
MammaLaura,Il tappeto volante,1
MammaLaura,Innovation,3
MammaLaura,Kakerlakensalat,1
MammaLaura,Loco!,1
MammaLaura,Mow,1
MammaLaura,Otto minuti per un impero,2
MammaLaura,Pentago,1
MammaLaura,Pick-a-Polar Bear,1
MammaLaura,Pinguin,1
MammaLaura,Rattle Snake,1
MammaLaura,Rummikub,1
MammaLaura,Streghe volanti,1
MammaLaura,The game,1
MammaLaura,Trans Europa,1
MammaLaura,Tumblin' dice,1
MammaLaura,Uppsala Europa,1
MammaLaura,Villa Paletti,2
MammaLaura,Viva il re!,1
Maurizio Banzi,Bang,4
Maurizio Banzi,Carcassonne,5
Maurizio Banzi,Chez Geek,1
Maurizio Banzi,Esp. Carcassonne (Loc e catt.),1
Maurizio Banzi,La Boca,1
Maurizio Banzi,Villa Paletti,2
Paola,Cartagena,3
Paola,Genial,3
Paola,Lo hobbit,1
Paola,Qwirkle,2
Pey,King of Tokyo,1
Pey,Pergamon,1
Pey,Samurai Sword,1
Pey,Sheep Race,1
Pey,Steam Park,1
Pey,The Boss,1
Pey,Vudù,1
Taccido,7 Wonders,2
Taccido,Abraca... boh,1
Taccido,Avalon,1
Taccido,Castle of mad ludwin,2
Taccido,Co2,1
Taccido,Dead of Winter,1
Taccido,Fief,1
Taccido,Sheriff of nottingham,2
Tapu,Abyss,2
Tapu,Alien Frontiers,1
Tapu,Antarctica,1
Tapu,Atlantis,1
Tapu,Bang,4
Tapu,Bretagne,1
Tapu,Carcassonne,5
Tapu,Cuba,1
Tapu,Elysium,1
Tapu,Finca,3
Tapu,Goblins inc.,1
Tapu,hey that's my fish,1
Tapu,Hyperborea,1
Tapu,Il labirinto magico,2
Tapu,Il trono di spade BG,1
Tapu,Istanbul,2
Tapu,Istanbul,2
Tapu,Keltis,1
Tapu,Kingsburg,2
Tapu,Lawis&Clark,1
Tapu,Mombasa,1
Tapu,Mr.Jack,1
Tapu,Nippon,1
Tapu,Origin,1
Tapu,Panamax,1
Tapu,pandemia,3
Tapu,Pandemia Esp.,3
Tapu,Quantum,1
Tapu,Quarto,1
Tapu,Richard I,1
Tapu,Ricochet Robot,1
Tapu,Rondo,1
Tapu,Splendor,1
Tapu,Takenoko,2
Tapu,Tash Kalar,1
Tapu,Terra nova,1
Tapu,The Sheep Race,1
Tapu,The Witcher,1
Tapu,Ticket to Ride,1
Tapu,UR,1
Tapu,Vanuatu,1
Tapu,Zena,1
Greg,DaVinci Code,1
